Ссылка,Статус
https://apostila.gov.md/apostila/site/downloadApostila/apostileCode/BOUS9XAQDTFH2/securityCode/2013073851064,"OK - application/pdf, 1182821 bytes"
https://apostila.gov.md/apostila/site/downloadApostila/apostileCode/IMWM44AZGX6N6/securityCode/2013073817848,"OK - application/pdf, 1294220 bytes"
https://apostila.gov.md/apostila/site/downloadApostila/apostileCode/CQ0VC27VGTCK6/securityCode/2013073880545,"OK - application/pdf, 1331050 bytes"
https://apostila.gov.md/apostila/site/downloadApostila/apostileCode/IG4Q770QDXGH7/securityCode/2013074184369,"OK - application/pdf, 9578196 bytes"
https://apostila.gov.md/apostila/site/downloadApostila/apostileCode/CFYN438ZLLFN2/securityCode/2013074127359,"OK - application/pdf, 4705189 bytes"
https://apostila.gov.md/apostila/site/downloadApostila/apostileCode/FRWX11FTJU5F9/securityCode/2013074190032,"OK - application/pdf, 1119222 bytes"
https://apostila.gov.md/apostila/site/downloadApostila/apostileCode/EJBU9703FPF54/securityCode/2013074155734,"OK - text/html; charset=UTF-8, 40 bytes"
https://apostila.gov.md/apostila/site/downloadApostila/apostileCode/IMWM44AZGX6N6/securityCode/2013073817848,"OK - application/pdf, 1294220 bytes"
https://apostila.gov.md/apostila/site/downloadApostila/apostileCode/CK5O133ZKLJE8/securityCode/2013074127359,"OK - application/pdf, 2932843 bytes"
https://apostila.gov.md/apostila/site/downloadApostila/apostileCode/5G2T615VCPFG1/securityCode/2013073969189,"OK - application/pdf, 633206 bytes"
https://apostila.gov.md/apostila/site/downloadApostila/apostileCode/HS5N558YBNEK3/securityCode/2013074004858,"OK - application/pdf, 1583911 bytes"
https://apostila.gov.md/apostila/site/downloadApostila/apostileCode/7H2Q3790FZEI5/securityCode/2013073926618,"OK - application/pdf, 5075808 bytes"
https://apostila.gov.md/apostila/site/downloadApostila/apostileCode/4O2V205Z9TCG2/securityCode/2013073973599,"OK - application/pdf, 925977 bytes"
https://apostila.gov.md/apostila/site/downloadApostila/apostileCode/5S2WF92X7X4R8/securityCode/2013074079955,"OK - application/pdf, 2253946 bytes"
https://apostila.gov.md/apostila/site/downloadApostila/apostileCode/7G6YCW5R9NCP4/securityCode/2013073967178,"OK - application/pdf, 966472 bytes"
https://apostila.gov.md/apostila/site/downloadApostila/apostileCode/7FYS428VLM4F4/securityCode/2013074021602,"OK - application/pdf, 3328137 bytes"
https://apostila.gov.md/apostila/site/downloadApostila/apostileCode/FN5P1X6ZIP6R3/securityCode/2013074048357,"OK - application/pdf, 4937932 bytes"
https://apostila.gov.md/apostila/site/downloadApostila/apostileCode/5GTUD58SJQ5N6/securityCode/2013073928629,"OK - application/pdf, 4667754 bytes"
https://apostila.gov.md/apostila/site/downloadApostila/apostileCode/6R3U2Y63JZ6M3/securityCode/2013073928629,"OK - application/pdf, 6597685 bytes"
https://apostila.gov.md/apostila/site/downloadApostila/apostileCode/CTTO324Z8MDO7/securityCode/2013074147166,"OK - application/pdf, 2554893 bytes"
https://apostila.gov.md/apostila/site/downloadApostila/apostileCode/3R3T11BQ6TJI1/securityCode/2013073973599,"OK - application/pdf, 7622305 bytes"
https://apostila.gov.md/apostila/site/downloadApostila/apostileCode/8I2N14CVELIQ5/securityCode/2013073980269,"OK - application/pdf, 9501374 bytes"
https://apostila.gov.md/apostila/site/downloadApostila/apostileCode/9T3M953ZBUHO4/securityCode/2013073967857,"OK - application/pdf, 955140 bytes"
https://apostila.gov.md/apostila/site/downloadApostila/apostileCode/DR4Y1584JW9F4/securityCode/2013073886585,"OK - application/pdf, 5144841 bytes"
https://apostila.gov.md/apostila/site/downloadApostila/apostileCode/356V078ZELIK9/securityCode/2013073928629,"OK - text/html; charset=UTF-8, 40 bytes"
https://apostila.gov.md/apostila/site/downloadApostila/apostileCode/COUQ976XEZCH7/securityCode/2013074010279,"OK - application/pdf, 1426546 bytes"
https://apostila.gov.md/apostila/site/downloadApostila/apostileCode/9J3V97AV8T4M8/securityCode/2013074147166,"OK - application/pdf, 1568107 bytes"
https://apostila.gov.md/apostila/site/downloadApostila/apostileCode/DLUX84ASKYII6/securityCode/2013074013836,"OK - application/pdf, 625397 bytes"
https://apostila.gov.md/apostila/site/downloadApostila/apostileCode/3HWVD912FN7H4/securityCode/2013074053054,"OK - application/pdf, 3399223 bytes"
https://apostila.gov.md/apostila/site/downloadApostila/apostileCode/BO2TCZ6WHSFG4/securityCode/2013074052736,"OK - application/pdf, 745963 bytes"
https://apostila.gov.md/apostila/site/downloadApostila/apostileCode/BO1SF0EVBU6P7/securityCode/2013073999025,"OK - text/html; charset=UTF-8, 40 bytes"
https://apostila.gov.md/apostila/site/downloadApostila/apostileCode/EJBU9703FPF54/securityCode/2013074155734,"OK - text/html; charset=UTF-8, 40 bytes"
https://apostila.gov.md/apostila/site/downloadApostila/apostileCode/9OVS71FRKM453/securityCode/2013073942632,"OK - text/html; charset=UTF-8, 40 bytes"
https://apostila.gov.md/apostila/site/downloadApostila/apostileCode/IPTZ514SCO6R9/securityCode/2013074007644,"OK - application/pdf, 819136 bytes"
https://apostila.gov.md/apostila/site/downloadApostila/apostileCode/6QTV0Z4VIS7I1/securityCode/2013074130885,"OK - application/pdf, 2769569 bytes"
https://apostila.gov.md/apostila/site/downloadApostila/apostileCode/FJXU588SHPDP2/securityCode/2013074127359,"OK - application/pdf, 7638525 bytes"
https://apostila.gov.md/apostila/site/downloadApostila/apostileCode/5L7N238Z7QHH5/securityCode/2013074147166,"OK - application/pdf, 1395304 bytes"
https://apostila.gov.md/apostila/site/downloadApostila/apostileCode/GGTUEBEZGYGH7/securityCode/2013074155734,"OK - application/pdf, 6738463 bytes"
https://apostila.gov.md/apostila/site/downloadApostila/apostileCode/DOYO489SCL5K2/securityCode/2013074137051,"OK - application/pdf, 1318677 bytes"
