Document Category,Count,Status,Notes
Verified Primary,59,‚úÖ VERIFIED,With proper apostille numbers
No Apostille Number,95,‚ùå UNVERIFIED,Missing apostille identification
ECHR Relevant,3,‚öñÔ∏è CRITICAL,European Court Human Rights
UNCAT Relevant,3,üåç CRITICAL,UN Convention Against Torture
Total,154,PROCESSED,Complete verification cycle

Critical Document,7H2Q3790FZEI5,‚úÖ PRIMARY,Security Code: 2013073926618
Document Date,1998-10-13,VERIFIED,Torture nexus incident
Apostille Date,2021-05-13,VERIFIED,JudecƒÉtoria Chi»ôinƒÉu
Legal Framework,Hague 1961,‚úÖ COMPLIANT,International recognition
Moldovan Law,HG 163/2007,‚úÖ COMPLIANT,National legislation
Moldovan Law,HG 739/2013,‚úÖ COMPLIANT,National legislation
ECHR Article 6,‚úÖ COMPLIANT,Fair trial standards
UNCAT,‚úÖ COMPLIANT,Torture convention requirements